mag_field_response,radial_distance
0.00018982898835846214,0.0
-0.00039234164460422106,0.0010005002501250625
-0.0009745122775669042,0.002001000500250125
-0.0015566829105295873,0.003001500750375187
-0.0021388535434922703,0.00400200100050025
-0.002721024176454954,0.0050025012506253125
-0.0033031948094176364,0.006003001500750374
-0.00388536544238032,0.007003501750875437
-0.004467536075343003,0.0080040020010005
-0.005049706708305686,0.009004502251125562
-0.00563187734126837,0.010005002501250625
-0.006214047974231053,0.011005502751375688
-0.0066246092229685985,0.012006003001500749
-0.006837234058677461,0.013006503251625811
-0.007049858894386322,0.014007003501750874
-0.007262483730095183,0.015007503751875937
-0.007475108565804045,0.016008004002001
-0.007687733401512907,0.01700850425212606
-0.007900358237221768,0.018009004502251125
-0.00811298307293063,0.019009504752376186
-0.008325607908639492,0.02001000500250125
-0.008538232744348354,0.02101050525262631
-0.008750857580057215,0.022011005502751375
-0.008963482415766076,0.023011505752876436
-0.009176107251474944,0.024012006003001497
-0.009388732087183842,0.02501250625312656
-0.009601356922892738,0.026013006503251623
-0.009813981758601636,0.027013506753376687
-0.010026606594310533,0.028014007003501748
-0.010239231430019431,0.029014507253626812
-0.010451856265728329,0.030015007503751873
-0.010664481101437227,0.031015507753876938
-0.010877105937146123,0.032016008004002
-0.01108973077285502,0.03301650825412706
-0.011302355608563918,0.03401700850425212
-0.011514980444272816,0.03501750875437719
-0.011727605279981713,0.03601800900450225
-0.010805848977076263,0.03701850925462731
-0.009751260508024268,0.03801900950475237
-0.008696672038972265,0.03901950975487744
-0.007642083569920269,0.0400200100050025
-0.006587495100868273,0.04102051025512756
-0.005532906631816277,0.04202101050525262
-0.0044783181627642814,0.04302151075537768
-0.003423729693712277,0.04402201100550275
-0.0023691412246602817,0.04502251125562781
-0.0007425017903944279,0.04602301150575287
0.0016353859332940933,0.047023511755877934
0.0040132736569826145,0.048024012006002995
0.006391161380671152,0.04902451225612806
0.008769049104359673,0.05002501250625312
0.011146936828048194,0.051025512756378184
0.013524824551736717,0.052026013006503245
0.015902712275425255,0.05302651325662831
0.02065825222478272,0.054027013506753374
0.044664620547938017,0.055027513756878435
0.06992463770841104,0.056028014007003496
0.0962975572328926,0.05702851425712856
0.12267047675737436,0.058029014507253625
0.14936614697618525,0.059029514757378686
0.17657356644551406,0.06003001500750375
0.20378098591484284,0.06103051525762881
0.2309884053841718,0.062031015507753876
0.2571115158600908,0.06303151575787894
0.27901017451956406,0.064032016008004
0.30090883317903727,0.06503251625812906
0.3228074918385105,0.06603301650825412
0.34470615049798375,0.06703351675837918
0.36660480915745697,0.06803401700850424
0.3885034678169305,0.06903451725862932
0.4065484475469503,0.07003501750875438
0.4239246808108871,0.07103551775887944
0.4413009140748238,0.0720360180090045
0.4586771473387605,0.07303651825912956
0.4760533806026973,0.07403701850925462
0.49342961386663403,0.07503751875937968
0.5108058471305708,0.07603801900950474
0.5195126685693499,0.0770385192596298
0.5272203090639722,0.07803901950975488
0.5349279495585945,0.07903951975987994
0.5426355900532167,0.080040020010005
0.550343230547839,0.08104052026013006
0.5572309847668386,0.08204102051025512
0.5629883225841937,0.08304152076038018
0.5687456604015488,0.08404202101050524
0.574502998218904,0.0850425212606303
0.5802272681744083,0.08604302151075537
0.584195206983652,0.08704352176088044
0.5881631457928955,0.0880440220110055
0.5921310846021391,0.08904452226113056
0.5960990234113828,0.09004502251125562
0.6000036658258731,0.09104552276138068
0.602551321843121,0.09204602301150575
0.6050989778603689,0.0930465232616308
0.6076466338776169,0.09404702351175587
0.6101942898948648,0.09504752376188093
0.6127419459121127,0.09604802401200599
0.6152896019293607,0.09704852426213106
0.617436832361772,0.09804902451225612
0.6195603338787236,0.09904952476238119
0.6216838353956751,0.10005002501250625
0.6238073369126266,0.10105052526263131
0.6259308384295781,0.10205102551275637
0.6280543399465296,0.10305152576288143
0.6299119251880517,0.10405202601300649
0.6310924244082194,0.10505252626313155
0.6322729236283872,0.10605302651325663
0.633453422848555,0.10705352676338169
0.6346339220687227,0.10805402701350675
0.6358144212888904,0.10905452726363181
0.6369949205090581,0.11005502751375687
0.6381357054272825,0.11105552776388193
0.6384874005268928,0.11205602801400699
0.6388390956265032,0.11305652826413205
0.6391907907261135,0.11405702851425711
0.6395424858257238,0.11505752876438219
0.6398941809253342,0.11605802901450725
0.6402458760249445,0.11705852926463231
0.6405975711245548,0.11805902951475737
0.6409492662241651,0.11905952976488243
0.6408565305484265,0.1200600300150075
0.6405582520249091,0.12106053026513255
0.6402599735013917,0.12206103051525762
0.6399616949778743,0.12306153076538268
0.6396634164543569,0.12406203101550775
0.6393651379308395,0.1250625312656328
0.6390668594073221,0.12606303151575787
0.6387685808838046,0.12706353176588292
0.6384703023602872,0.128064032016008
0.6376344455756771,0.12906453226613307
0.636617107283065,0.13006503251625812
0.6355997689904528,0.1310655327663832
0.6345824306978407,0.13206603301650824
0.6335650924052286,0.1330665332666333
0.6325477541126165,0.13406703351675836
0.6315304158200045,0.13506753376688344
0.6305130775273924,0.13606803401700848
0.6294957392347802,0.13706853426713356
0.6281773579225521,0.13806903451725863
0.6258842577110261,0.13906953476738368
0.6235911574995,0.14007003501750875
0.621298057287974,0.1410705352676338
0.6190049570764479,0.14207103551775888
0.6167118568649219,0.14307153576788392
0.6144187566533958,0.144072036018009
0.6121256564418698,0.14507253626813404
0.6092942557909835,0.14607303651825912
0.6064280165016953,0.1470735367683842
0.6035617772124072,0.14807403701850924
0.6006955379231189,0.14907453726863432
0.5978292986338308,0.15007503751875936
0.5949630593445426,0.15107553776888444
0.5920968200552544,0.15207603801900949
0.5895841737950821,0.15307653826913456
0.5872774083421747,0.1540770385192596
0.584970642889267,0.15507753876938468
0.5826638774363595,0.15607803901950976
0.580357111983452,0.1570785392696348
0.5780503465305444,0.15807903951975988
0.5757435810776369,0.15907953976988493
0.5734368156247294,0.16008004002001
0.5706725892297929,0.16108054027013505
0.5677745569311543,0.16208104052026012
0.5648765246325157,0.16308154077038517
0.5619784923338771,0.16408204102051024
0.5590804600352384,0.16508254127063532
0.5561824277365998,0.16608304152076037
0.5532439699626077,0.16708354177088544
0.5489046791050577,0.1680840420210105
0.5445653882475077,0.16908454227113556
0.5402260973899576,0.1700850425212606
0.5358868065324075,0.17108554277138568
0.5324039307951438,0.17208604302151073
0.5297285556776171,0.1730865432716358
0.5270531805600905,0.17408704352176088
0.5243778054425641,0.17508754377188593
0.5217024303250375,0.176088044022011
0.5190270552075109,0.17708854427213605
0.5163516800899843,0.17808904452226113
0.5134553054810375,0.17908954477238617
0.5097324239475349,0.18009004502251125
0.5060095424140325,0.1810905452726363
0.5022866608805301,0.18209104552276137
0.49856377934702756,0.18309154577288644
0.4948408978135252,0.1840920460230115
0.4917142729332974,0.18509254627313657
0.4890229855164861,0.1860930465232616
0.48633169809967475,0.1870935467733867
0.48364041068286345,0.18809404702351173
0.4809491232660521,0.1890945472736368
0.4782578358492408,0.19009504752376186
0.47556654843242946,0.19109554777388693
0.4723573847616248,0.19209604802401198
0.46904650244625823,0.19309654827413705
0.46573562013089165,0.19409704852426213
0.4624247378155252,0.19509754877438718
0.4591138555001586,0.19609804902451225
0.4570709265289862,0.1970985492746373
0.45540381015546044,0.19809904952476237
0.45373669378193476,0.19909954977488742
0.45179948703596295,0.2001000500250125
0.4474314669379759,0.20110055027513754
0.4430634468399887,0.20210105052526262
0.4387385581083789,0.2031015507753877
0.4360472706915677,0.20410205102551274
0.43335598327475633,0.2051025512756378
0.4306646958579451,0.20610305152576286
0.42797340844113374,0.20710355177588793
0.4252821210243225,0.20810405202601298
0.4225908336075112,0.20910455227613806
0.41984092192948863,0.2101050525262631
0.41694288963084997,0.21110555277638818
0.4140448573322113,0.21210605302651325
0.4111468250335727,0.2131065532766383
0.40824879273493403,0.21410705352676337
0.4053507604362954,0.21510755377688842
0.4024527281376567,0.2161080540270135
0.3999830576396402,0.21710855427713854
0.3978813686843179,0.21810905452726362
0.39577967972899564,0.21910955477738867
0.3936779907736733,0.22011005502751374
0.391576301818351,0.22111055527763882
0.38947461286302876,0.22211105552776386
0.38737292390770645,0.22311155577788894
0.3851776272128911,0.22411205602801398
0.38269329836770744,0.22511255627813906
0.3802089695225238,0.2261130565282641
0.37772464067734013,0.22711355677838918
0.3752403118321565,0.22811405702851423
0.3727559829869728,0.2291145572786393
0.3705561748385504,0.23011505752876438
0.3685241353058218,0.23111555777888942
0.3664920957730931,0.2321160580290145
0.3644600562403645,0.23311655827913955
0.36242801670763575,0.23411705852926462
0.3603959771749071,0.23511755877938967
0.35685638689058835,0.23611805902951474
0.35272780434116086,0.2371185592796398
0.35050847906810056,0.23811905952976486
0.3482891537950403,0.23911955977988994
0.3460698285219801,0.240120060030015
0.3438505032489198,0.24112056028014006
0.34163117797585957,0.2421210605302651
0.339473725737638,0.24312156078039018
0.33765310418251937,0.24412206103051523
0.33583248262740073,0.2451225612806403
0.3340118610722821,0.24612306153076535
0.3321912395171634,0.24712356178089043
0.3303706179620447,0.2481240620310155
0.3285499964069261,0.24912456228114055
0.3267293748518075,0.2501250625312656
0.3249087532966887,0.2511255627813907
0.3231733695574722,0.25212606303151575
0.3214670441970868,0.2531265632816408
0.31976071883670143,0.25412706353176584
0.3180543934763159,0.25512756378189094
0.3163480681159305,0.256128064032016
0.31464174275554513,0.25712856428214104
0.3129354173951597,0.25812906453226614
0.3112290920347743,0.2591295647823912
0.3095227666743889,0.26013006503251623
0.30780710822795915,0.2611305652826413
0.30608879070010575,0.2621310655327664
0.30437047317225246,0.26313156578289143
0.30265215564439923,0.2641320660330165
0.30093383811654595,0.2651325662831415
0.29921552058869255,0.2661330665332666
0.29749720306083927,0.2671335667833917
0.2956014835391926,0.2681340670335167
0.2935225605308682,0.2691345672836418
0.29144363752254393,0.27013506753376687
0.28936471451421963,0.2711355677838919
0.28728579150589534,0.27213606803401696
0.28520686849757093,0.27313656828414207
0.28405061365424134,0.2741370685342671
0.2833542820858173,0.27513756878439216
0.2825806567352924,0.27613806903451726
0.28098572144098805,0.2771385692846423
0.27939078614668367,0.27813906953476736
0.2777958508523793,0.2791395697848924
0.2762009155580748,0.2801400700350175
0.2746059802637704,0.28114057028514255
0.27301104496946604,0.2821410705352676
0.27141610967516167,0.28314157078539265
0.2697781169313951,0.28414207103551775
0.2680049871892442,0.2851425712856428
0.2662318574470934,0.28614307153576785
0.26445872770494244,0.28714357178589295
0.2626855979627916,0.288144072036018
0.26091246822064074,0.28914457228614304
0.2591393384784899,0.2901450725362681
0.257366208736339,0.2911455727863932
0.25583659077817783,0.29214607303651824
0.2546818790054276,0.2931465732866433
0.2535271672326773,0.2941470735367684
0.2523724554599271,0.29514757378689344
0.2512177436871769,0.2961480740370185
0.2500630319144267,0.29714857428714353
0.24890832014167638,0.29814907453726863
0.24775360836892618,0.2991495747873937
0.24659889659617595,0.3001500750375187
0.24528757241057605,0.3011505752876438
0.24397597725509101,0.3021510755377689
0.24266438209960603,0.3031515757878939
0.24135278694412107,0.30415207603801897
0.24004119178863603,0.3051525762881441
0.23872959663315108,0.3061530765382691
0.23741800147766612,0.30715357678839417
0.23610640632218113,0.3081540770385192
0.2347948111666961,0.3091545772886443
0.2337935149163047,0.31015507753876936
0.23262086116150668,0.3111555777888944
0.2314220461399494,0.3121560780390195
0.23022323111839224,0.31315657828914456
0.22902441609683505,0.3141570785392696
0.22782560107527786,0.31515757878939465
0.2266267860537206,0.31615807903951976
0.22542797103216342,0.3171585792896448
0.22422915601060622,0.31815907953976985
0.22303034098904903,0.3191595797898949
0.22183152596749178,0.32016008004002
0.2205995428764659,0.32116058029014505
0.21936147155747546,0.3221610805402701
0.21812340023848495,0.3231615807903952
0.2168853289194945,0.32416208104052024
0.21564725760050404,0.3251625812906453
0.2144091862815136,0.32616308154077034
0.21317111496252308,0.32716358179089544
0.21193304364353263,0.3281640820410205
0.21069497232454218,0.32916458229114554
0.20945690100555167,0.33016508254127064
0.20832557659163808,0.3311655827913957
0.20722645706251708,0.33216608304152073
0.20612733753339604,0.3331665832916458
0.20502821800427495,0.3341670835417709
0.20392909847515392,0.33516758379189593
0.2028299789460329,0.336168084042021
0.20173085941691188,0.337168584292146
0.2006317398877908,0.3381690845422711
0.19953262035866975,0.3391695847923962
0.19843350082954875,0.3401700850425212
0.19777155796382073,0.3411705852926463
0.19730144126028662,0.34217108554277137
0.1968313245567525,0.3431715857928964
0.19636120785321837,0.34417208604302146
0.19589109114968423,0.34517258629314657
0.19542097444615011,0.3461730865432716
0.19468828831685805,0.34717358679339666
0.1930993975383549,0.34817408704352176
0.1915105067598518,0.3491745872936468
0.1899216159813487,0.35017508754377186
0.1883843638328349,0.3511755877938969
0.1875634363147757,0.352176088044022
0.18674250879671656,0.35317658829414705
0.18592158127865738,0.3541770885442721
0.18510065376059823,0.35517758879439715
0.18427972624253902,0.35617808904452225
0.18345879872447984,0.3571785892946473
0.1826378712064207,0.35817908954477234
0.1818169436883615,0.35917958979489745
0.1809960161703023,0.3601800900450225
0.180175132945984,0.36118059029514754
0.1793981656776993,0.3621810905452726
0.1786211984094146,0.3631815907953977
0.1778442311411299,0.36418209104552274
0.17706726387284522,0.3651825912956478
0.17629029660456047,0.3661830915457729
0.17551332933627578,0.36718359179589793
0.1747363620679911,0.368184092046023
0.1739593947997064,0.36918459229614803
0.17318242753142168,0.37018509254627313
0.172405460263137,0.3711855927963982
0.17165688967428072,0.3721860930465232
0.17095530518803417,0.3731865932966483
0.1702537207017876,0.3741870935467734
0.16955213621554102,0.3751875937968984
0.16885055172929447,0.37618809404702347
0.16814896724304787,0.37718859429714857
0.16744738275680132,0.3781890945472736
0.16674579827055477,0.37918959479739867
0.16604421378430823,0.3801900950475237
0.16534262929806162,0.3811905952976488
0.16464104481181507,0.38219109554777386
0.16393946032556853,0.3831915957978989
0.16423682078287896,0.38419209604802396
0.1633703407456592,0.38519259629814906
0.1625038607084395,0.3861930965482741
0.16163738067121977,0.38719359679839915
0.160770900634,0.38819409704852426
0.1599044205967803,0.3891945972986493
0.1590379405595606,0.39019509754877435
0.15817146052234088,0.3911955977988994
0.15730498048512112,0.3921960980490245
0.15643850044790142,0.39319659829914955
0.15557202041068172,0.3941970985492746
0.15470554037346196,0.3951975987993997
0.15383906033624223,0.39619809904952474
0.15297258029902253,0.3971985992996498
0.15228961950686107,0.39819909954977484
0.151702670959204,0.39919959979989994
0.151115722411547,0.400200100050025
0.15052877386388996,0.40120060030015003
0.14994182531623293,0.4022011005502751
0.14935487676857587,0.4032016008004002
0.14876792822091883,0.40420210105052523
0.14818097967326183,0.4052026013006503
0.14759403112560476,0.4062031015507754
0.14700708257794773,0.4072036018009004
0.1464201340302907,0.4082041020510255
0.14583318548263366,0.4092046023011505
0.1452462369349766,0.4102051025512756
0.1446592883873196,0.41120560280140067
0.14415092908928323,0.4122061030515257
0.14367891566420876,0.4132066033016508
0.1432069022391343,0.41420710355177587
0.14273488881405985,0.4152076038019009
0.14226287538898538,0.41620810405202596
0.1417908619639109,0.41720860430215106
0.14131884853883644,0.4182091045522761
0.14084683511376198,0.41920960480240116
0.14037482168868753,0.4202101050525262
0.13991257146777303,0.4212106053026513
0.13945273099445019,0.42221110555277636
0.13899289052112734,0.4232116058029014
0.1385330500478045,0.4242121060530265
0.13807320957448166,0.42521260630315155
0.13760918504313252,0.4262131065532766
0.13712259652663003,0.42721360680340165
0.1366360080101275,0.42821410705352675
0.13614941949362502,0.4292146073036518
0.13566283097712253,0.43021510755377684
0.13517624246062,0.43121560780390195
0.1346896539441175,0.432216108054027
0.134203065427615,0.43321660830415204
0.13371647691111252,0.4342171085542771
0.13322988839461,0.4352176088044022
0.13274329987810748,0.43621810905452724
0.132256711361605,0.4372186093046523
0.1317701228451025,0.43821910955477733
0.1312835343286,0.43921960980490243
0.1307781630836191,0.4402201100550275
0.13019121453596205,0.4412206103051525
0.129604265988305,0.44222111055527763
0.12901731744064793,0.4432216108054027
0.1284303688929909,0.4442221110555277
0.12784342034533386,0.44522261130565277
0.1272564717976768,0.4462231115557779
0.12666952325001976,0.4472236118059029
0.1260825747023627,0.44822411205602797
0.12549562615470564,0.44922461230615307
0.1249086776070486,0.4502251125562781
0.12432172905939155,0.45122561280640316
0.12373478051173452,0.4522261130565282
0.12314783196407744,0.4532266133066533
0.12252269317438703,0.45422711355677836
0.12175761816362797,0.4552276138069034
0.1209925431528689,0.45622811405702846
0.12027166420249547,0.45722861430715356
0.12002220989623608,0.4582291145572786
0.1197727555899767,0.45922961480740365
0.1195233012837173,0.46023011505752875
0.11927384697745792,0.4612306153076538
0.11902439267119853,0.46223111555777885
0.11877493836493916,0.4632316158079039
0.11852548405867977,0.464232116058029
0.11827602975242038,0.46523261630815405
0.118026575446161,0.4662331165582791
0.1177771211399016,0.4672336168084042
0.11752766683364223,0.46823411705852924
0.11724680123925858,0.4692346173086543
0.1167602127227561,0.47023511755877934
0.11627362420625358,0.47123561780890444
0.11578703568975109,0.4722361180590295
0.1153004471732486,0.47323661830915453
0.11481385865674609,0.4742371185592796
0.11432727014024358,0.4752376188094047
0.11384068162374109,0.47623811905952973
0.1133540931072386,0.4772386193096548
0.11286750459073608,0.4782391195597799
0.11238091607423357,0.4792396198099049
0.11189432755773109,0.48024012006003
0.11129461725537257,0.481240620310155
0.11068982971224343,0.4822411205602801
0.11008504216911434,0.48324162081040517
0.10948025462598523,0.4842421210605302
0.1088754670828561,0.4852426213106553
0.10827067953972701,0.48624312156078037
0.1076658919965979,0.4872436218109054
0.10706110445346881,0.48824412206103046
0.10645631691033967,0.48924462231115556
0.10585152936721057,0.4902451225612806
0.10524674182408146,0.49124562281140566
0.10464195428095237,0.4922461230615307
0.10403716673782323,0.4932466233116558
0.10351453869092431,0.49424712356178085
0.10313217188344602,0.4952476238119059
0.1027498050759677,0.496248124062031
0.10236743826848942,0.49724862431215605
0.10198507146101113,0.4982491245622811
0.10160270465353283,0.49924962481240615
0.10122033784605454,0.5002501250625312
0.10083797103857622,0.5012506253126563
0.10045560423109791,0.5022511255627814
0.10007323742361963,0.5032516258129064
0.09969087061614133,0.5042521260630315
0.09930850380866302,0.5052526263131566
0.09892613700118474,0.5062531265632816
0.09854377019370643,0.5072536268134067
0.09816140338622815,0.5082541270635317
0.09777903657874984,0.5092546273136568
0.09739666977127154,0.5102551275637819
0.09701430296379326,0.5112556278139069
0.09663193615631495,0.512256128064032
0.09624956934883663,0.5132566283141571
0.09586720254135836,0.5142571285642821
0.09548483573388006,0.5152576288144072
0.09510246892640174,0.5162581290645323
0.09472010211892347,0.5172586293146573
0.09433773531144515,0.5182591295647824
0.09395536850396688,0.5192596298149074
0.09357300169648856,0.5202601300650325
0.09319063488901025,0.5212606303151576
0.09280826808153199,0.5222611305652826
0.09242590127405367,0.5232616308154077
0.09204353446657536,0.5242621310655328
0.09166116765909708,0.5252626313156578
0.09127880085161877,0.5262631315657829
0.09089643404414047,0.527263631815908
0.0905140672366622,0.528264132066033
0.09013170042918388,0.5292646323161581
0.0897493336217056,0.530265132566283
0.08940346211770087,0.5312656328164082
0.08907697874366648,0.5322661330665333
0.08875049536963213,0.5332666333166582
0.08842401199559774,0.5342671335667833
0.08809752862156335,0.5352676338169085
0.08777104524752899,0.5362681340670334
0.0874445618734946,0.5372686343171585
0.08711807849946021,0.5382691345672836
0.08679159512542586,0.5392696348174086
0.08646511175139147,0.5402701350675337
0.08613862837735708,0.5412706353176588
0.08581214500332272,0.5422711355677838
0.08548566162928833,0.5432716358179089
0.08515917825525399,0.5442721360680339
0.08483269488121958,0.545272636318159
0.0845062115071852,0.5462731365682841
0.08417972813315085,0.5472736368184091
0.08385324475911646,0.5482741370685342
0.08352676138508207,0.5492746373186593
0.0832002780110477,0.5502751375687843
0.08287379463701332,0.5512756378189094
0.08254731126297893,0.5522761380690345
0.08222082788894458,0.5532766383191595
0.08189434451491019,0.5542771385692846
0.08156786114087583,0.5552776388194096
0.08124137776684144,0.5562781390695347
0.08091489439280705,0.5572786393196598
0.0805884110187727,0.5582791395697848
0.08026192764473832,0.5592796398199099
0.07993544427070393,0.560280140070035
0.07960896089666956,0.56128064032016
0.07928247752263518,0.5622811405702851
0.07895599414860079,0.5632816408204102
0.07862951077456644,0.5642821410705352
0.07830302740053205,0.5652826413206603
0.07797654402649769,0.5662831415707853
0.0776500606524633,0.5672836418209104
0.07736558096352954,0.5682841420710355
0.0770839381247878,0.5692846423211605
0.07680229528604601,0.5702851425712856
0.07652065244730424,0.5712856428214107
0.0762390096085625,0.5722861430715357
0.07595736676982072,0.5732866433216608
0.07567572393107894,0.5742871435717859
0.0753940810923372,0.5752876438219109
0.07511243825359543,0.576288144072036
0.07483079541485364,0.5772886443221611
0.0745491525761119,0.5782891445722861
0.07426750973737012,0.5792896448224112
0.07398586689862838,0.5802901450725362
0.0737042240598866,0.5812906453226613
0.07342258122114483,0.5822911455727864
0.07314093838240307,0.5832916458229114
0.0728592955436613,0.5842921460730365
0.07257765270491952,0.5852926463231616
0.07229600986617778,0.5862931465732866
0.07201436702743601,0.5872936468234117
0.07173272418869422,0.5882941470735368
0.07145108134995248,0.5892946473236618
0.0711694385112107,0.5902951475737869
0.07088779567246896,0.5912956478239119
0.07060615283372718,0.592296148074037
0.0703245099949854,0.5932966483241621
0.07004286715624367,0.5942971485742871
0.06976122431750188,0.5952976488244122
0.0694795814787601,0.5962981490745373
0.06919793864001836,0.5972986493246623
0.06891629580127659,0.5982991495747874
0.0686346529625348,0.5992996498249125
0.06835301012379306,0.6003001500750375
0.06807136728505128,0.6013006503251626
0.06778972444630954,0.6023011505752875
0.06750808160756776,0.6033016508254126
0.06723447998815422,0.6043021510755378
0.06698932045932762,0.6053026513256627
0.066744160930501,0.6063031515757878
0.06649900140167439,0.607303651825913
0.06625384187284779,0.6083041520760379
0.06600868234402117,0.609304652326163
0.06576352281519454,0.6103051525762881
0.06551836328636795,0.6113056528264131
0.06527320375754132,0.6123061530765382
0.06502804422871471,0.6133066533266633
0.06478288469988812,0.6143071535767883
0.06453772517106149,0.6153076538269134
0.0642925656422349,0.6163081540770384
0.06404740611340827,0.6173086543271635
0.06380224658458165,0.6183091545772886
0.06355708705575505,0.6193096548274136
0.06331192752692844,0.6203101550775387
0.06306676799810182,0.6213106553276638
0.06282160846927522,0.6223111555777888
0.0625764489404486,0.6233116558279139
0.06233128941162198,0.624312156078039
0.06208612988279538,0.625312656328164
0.06184097035396876,0.6263131565782891
0.061595810825142164,0.6273136568284141
0.06135065129631554,0.6283141570785392
0.06110549176748892,0.6293146573286643
0.06086033223866233,0.6303151575787893
0.060615172709835706,0.6313156578289144
0.06037001318100908,0.6323161580790395
0.06012485365218249,0.6333166583291645
0.059879694123355864,0.6343171585792896
0.05963453459452924,0.6353176588294147
0.059389375065702646,0.6363181590795397
0.05914421553687603,0.6373186593296648
0.058899056008049434,0.6383191595797898
0.05865389647922281,0.6393196598299149
0.05840873695039619,0.64032016008004
0.058178724731143425,0.641320660330165
0.05796361452090458,0.6423211605802901
0.057748504310665735,0.6433216608304152
0.05753339410042692,0.6443221610805402
0.057318283890188074,0.6453226613306653
0.05710317367994923,0.6463231615807904
0.05688806346971041,0.6473236618309154
0.05667295325947157,0.6483241620810405
0.056457843049232743,0.6493246623311655
0.0562427328389939,0.6503251625812906
0.05602762262875506,0.6513256628314157
0.05581251241851624,0.6523261630815407
0.05559740220827739,0.6533266633316658
0.05538229199803855,0.6543271635817909
0.05516718178779973,0.6553276638319159
0.054952071577560886,0.656328164082041
0.05473696136732204,0.6573286643321661
0.05452185115708322,0.6583291645822911
0.05430674094684437,0.6593296648324162
0.054091630736605535,0.6603301650825413
0.05387652052636671,0.6613306653326663
0.05366141031612787,0.6623311655827914
0.05344630010588905,0.6633316658329164
0.053231189895650205,0.6643321660830415
0.05301607968541136,0.6653326663331666
0.05280096947517254,0.6663331665832916
0.0525858592649337,0.6673336668334167
0.052370749054694854,0.6683341670835418
0.05215563884445603,0.6693346673336668
0.051940528634217185,0.6703351675837919
0.05172541842397835,0.671335667833917
0.051510308213739524,0.672336168084042
0.05129519800350068,0.673336668334167
0.05108008779326186,0.674337168584292
0.05086497758302302,0.6753376688344171
0.05064986737278417,0.6763381690845423
0.05043475716254535,0.6773386693346672
0.050239356919285036,0.6783391695847923
0.05004926713344899,0.6793396698349174
0.049859177347612964,0.6803401700850424
0.049669087561776924,0.6813406703351675
0.04947899777594088,0.6823411705852926
0.04928890799010485,0.6833416708354176
0.04909881820426881,0.6843421710855427
0.04890872841843279,0.6853426713356677
0.04871863863259674,0.6863431715857928
0.048528548846760694,0.6873436718359179
0.048338459060924675,0.6883441720860429
0.04814836927508863,0.689344672336168
0.04795827948925258,0.6903451725862931
0.047768189703416564,0.6913456728364181
0.04757809991758052,0.6923461730865432
0.04738801013174447,0.6933466733366683
0.047197920345908445,0.6943471735867933
0.047007830560072406,0.6953476738369184
0.04681774077423636,0.6963481740870435
0.04662765098840033,0.6973486743371685
0.046437561202564294,0.6983491745872936
0.04624747141672827,0.6993496748374186
0.04605738163089222,0.7003501750875437
0.04586729184505618,0.7013506753376688
0.04567720205922016,0.7023511755877938
0.04548711227338411,0.7033516758379189
0.045297022487548064,0.704352176088044
0.045106932701712045,0.705352676338169
0.044916842915876,0.7063531765882941
0.04472675313003995,0.7073536768384192
0.04453666334420393,0.7083541770885442
0.04434657355836789,0.7093546773386693
0.04415648377253186,0.7103551775887943
0.043966393986695815,0.7113556778389194
0.043776304200859775,0.7123561780890445
0.04358621441502375,0.7133566783391695
0.0433976272331638,0.7143571785892946
0.0432285739029932,0.7153576788394197
0.04305952057282262,0.7163581790895447
0.04289046724265202,0.7173586793396698
0.04272141391248141,0.7183591795897949
0.04255236058231083,0.7193596798399199
0.04238330725214023,0.720360180090045
0.04221425392196964,0.72136068034017
0.04204520059179904,0.7223611805902951
0.04187614726162844,0.7233616808404202
0.041707093931457856,0.7243621810905452
0.04153804060128725,0.7253626813406703
0.041368987271116646,0.7263631815907954
0.041199933940946065,0.7273636818409204
0.041030880610775464,0.7283641820910455
0.040861827280604855,0.7293646823411706
0.040692773950434274,0.7303651825912956
0.04052372062026367,0.7313656828414207
0.04035466729009307,0.7323661830915458
0.040185613959922484,0.7333666833416708
0.04001656062975188,0.7343671835917959
0.039847507299581295,0.7353676838419209
0.03967845396941069,0.736368184092046
0.03950940063924009,0.7373686843421711
0.039340347309069504,0.7383691845922961
0.0391712939788989,0.7393696848424212
0.0390022406487283,0.7403701850925463
0.03883318731855772,0.7413706853426713
0.03866413398838711,0.7423711855927964
0.03849508065821651,0.7433716858429215
0.03832602732804593,0.7443721860930465
0.03815697399787533,0.7453726863431716
0.03798792066770474,0.7463731865932965
0.03781886733753414,0.7473736868434216
0.03764981400736354,0.7483741870935467
0.03748076067719295,0.7493746873436717
0.03731170734702235,0.7503751875937968
0.0371489897347626,0.751375687843922
0.03699777836882373,0.7523761880940469
0.03684656700288484,0.753376688344172
0.03669535563694596,0.7543771885942971
0.036544144271007085,0.7553776888444221
0.036392932905068204,0.7563781890945472
0.03624172153912933,0.7573786893446722
0.03609051017319045,0.7583791895947973
0.03593929880725156,0.7593796898449224
0.03578808744131269,0.7603801900950474
0.0356368760753738,0.7613806903451725
0.03548566470943492,0.7623811905952976
0.03533445334349605,0.7633816908454226
0.035183241977557164,0.7643821910955477
0.035032030611618276,0.7653826913456728
0.03488081924567941,0.7663831915957978
0.03472960787974052,0.7673836918459229
0.03457839651380165,0.7683841920960479
0.03442718514786277,0.769384692346173
0.03427597378192388,0.7703851925962981
0.03412476241598501,0.7713856928464231
0.033973551050046125,0.7723861930965482
0.033822339684107236,0.7733866933466733
0.03367112831816837,0.7743871935967983
0.033519916952229487,0.7753876938469234
0.0333687055862906,0.7763881940970485
0.03321749422035173,0.7773886943471735
0.03306628285441284,0.7783891945972986
0.03291507148847396,0.7793896948474237
0.032763860122535085,0.7803901950975487
0.0326126487565962,0.7813906953476738
0.03246143739065733,0.7823911955977988
0.03231022602471845,0.7833916958479239
0.03215901465877956,0.784392196098049
0.03200780329284069,0.785392696348174
0.0318565919269018,0.7863931965982991
0.03170538056096292,0.7873936968484242
0.03156391211216267,0.7883941970985492
0.031427953236313,0.7893946973486743
0.03129199436046333,0.7903951975987994
0.031156035484613674,0.7913956978489244
0.031020076608764005,0.7923961980990495
0.03088411773291435,0.7933966983491745
0.03074815885706468,0.7943971985992996
0.03061219998121501,0.7953976988494247
0.030476241105365356,0.7963981990995497
0.030340282229515687,0.7973986993496748
0.03020432335366602,0.7983991995997999
0.030068364477816363,0.7993996998499249
0.029932405601966694,0.80040020010005
0.02979644672611702,0.8014007003501751
0.02966048785026737,0.8024012006003001
0.0295245289744177,0.8034017008504252
0.029388570098568045,0.8044022011005502
0.029252611222718376,0.8054027013506753
0.029116652346868707,0.8064032016008004
0.028980693471019052,0.8074037018509254
0.028844734595169383,0.8084042021010505
0.02870877571931971,0.8094047023511756
0.02857281684347006,0.8104052026013006
0.02843685796762039,0.8114057028514257
0.028300899091770717,0.8124062031015508
0.028164940215921065,0.8134067033516758
0.028028981340071393,0.8144072036018009
0.027893022464221724,0.815407703851926
0.027757063588372072,0.816408204102051
0.0276211047125224,0.817408704352176
0.027485145836672747,0.818409204602301
0.02734918696082308,0.8194097048524261
0.027213228084973406,0.8204102051025512
0.027077269209123754,0.8214107053526762
0.02694131033327408,0.8224112056028013
0.026805351457424412,0.8234117058529264
0.02666939258157476,0.8244122061030514
0.026545547916515862,0.8254127063531765
0.026422721702806636,0.8264132066033016
0.026299895489097423,0.8274137068534266
0.026177069275388196,0.8284142071035517
0.026054243061678983,0.8294147073536767
0.025931416847969756,0.8304152076038018
0.02580859063426053,0.8314157078539269
0.025685764420551316,0.8324162081040519
0.025562938206842085,0.833416708354177
0.02544011199313286,0.8344172086043021
0.025317285779423646,0.8354177088544271
0.02519445956571442,0.8364182091045522
0.025071633352005192,0.8374187093546773
0.02494880713829598,0.8384192096048023
0.024825980924586752,0.8394197098549274
0.02470315471087754,0.8404202101050524
0.024580328497168312,0.8414207103551775
0.024457502283459085,0.8424212106053026
0.024334676069749872,0.8434217108554276
0.024211849856040645,0.8444222111055527
0.02408902364233142,0.8454227113556778
0.023966197428622205,0.8464232116058028
0.02384337121491298,0.8474237118559279
0.02372054500120375,0.848424212106053
0.02359771878749454,0.849424712356178
0.023474892573785308,0.8504252126063031
0.02335206636007608,0.8514257128564282
0.023229240146366868,0.8524262131065532
0.02310641393265764,0.8534267133566783
0.02298358771894843,0.8544272136068033
0.0228607615052392,0.8554277138569284
0.022737935291529975,0.8564282141070535
0.02261510907782076,0.8574287143571785
0.022492282864111535,0.8584292146073036
0.022369456650402308,0.8594297148574287
0.022246630436693095,0.8604302151075537
0.02212615024071478,0.8614307153576788
0.022014705697185232,0.8624312156078039
0.021903261153655696,0.8634317158579289
0.021791816610126146,0.864432216108054
0.02168037206659661,0.865432716358179
0.021568927523067064,0.8664332166083041
0.021457482979537514,0.8674337168584292
0.021346038436007977,0.8684342171085542
0.02123459389247843,0.8694347173586793
0.021123149348948884,0.8704352176088044
0.02101170480541935,0.8714357178589294
0.0209002602618898,0.8724362181090545
0.020788815718360252,0.8734367183591796
0.020677371174830716,0.8744372186093046
0.020565926631301166,0.8754377188594297
0.020454482087771633,0.8764382191095547
0.020343037544242083,0.8774387193596798
0.020231593000712537,0.8784392196098049
0.020120148457183,0.8794397198599299
0.02000870391365345,0.880440220110055
0.019897259370123904,0.8814407203601801
0.019785814826594368,0.882441220610305
0.019674370283064818,0.8834417208604302
0.01956292573953527,0.8844422211105553
0.019451481196005736,0.8854427213606803
0.01934003665247619,0.8864432216108054
0.01922859210894664,0.8874437218609305
0.019117147565417103,0.8884442221110554
0.019005703021887557,0.8894447223611806
0.01889425847835802,0.8904452226113055
0.018782813934828474,0.8914457228614306
0.018671369391298924,0.8924462231115557
0.018559924847769388,0.8934467233616807
0.01844848030423984,0.8944472236118058
0.01833703576071029,0.8954477238619309
0.01822559121718076,0.8964482241120559
0.01811414667365121,0.897448724362181
0.018007562588560524,0.8984492246123061
0.017906041481010333,0.8994497248624311
0.017804520373460135,0.9004502251125562
0.017702999265909947,0.9014507253626812
0.017601478158359746,0.9024512256128063
0.017499957050809548,0.9034517258629314
0.01739843594325936,0.9044522261130564
0.017296914835709158,0.9054527263631815
0.01719539372815896,0.9064532266133066
0.01709387262060877,0.9074537268634316
0.01699235151305857,0.9084542271135567
0.01689083040550837,0.9094547273636818
0.01678930929795818,0.9104552276138068
0.016687788190407983,0.9114557278639319
0.016586267082857792,0.9124562281140569
0.016484745975307594,0.913456728364182
0.016383224867757392,0.9144572286143071
0.016281703760207204,0.9154577288644321
0.016180182652657006,0.9164582291145572
0.016078661545106804,0.9174587293646823
0.015977140437556617,0.9184592296148073
0.015875619330006415,0.9194597298649324
0.015774098222456217,0.9204602301150575
0.01567257711490603,0.9214607303651825
0.015571056007355828,0.9224612306153076
0.01546953489980564,0.9234617308654326
0.01536801379225544,0.9244622311155577
0.01526649268470524,0.9254627313656828
0.01516497157715505,0.9264632316158078
0.01506345046960485,0.9274637318659329
0.01496192936205465,0.928464232116058
0.014860408254504463,0.929464732366183
0.014758887146954263,0.9304652326163081
0.014657366039404063,0.9314657328664332
0.014555844931853874,0.9324662331165582
0.014454323824303675,0.9334667333666833
0.014352802716753474,0.9344672336168084
0.014258010672261484,0.9354677338669334
0.014165189408770698,0.9364682341170585
0.014072368145279922,0.9374687343671835
0.013979546881789135,0.9384692346173086
0.013886725618298349,0.9394697348674337
0.013793904354807573,0.9404702351175587
0.013701083091316787,0.9414707353676838
0.013608261827826,0.9424712356178089
0.013515440564335224,0.9434717358679339
0.013422619300844438,0.944472236118059
0.013329798037353652,0.9454727363681841
0.013236976773862876,0.9464732366183091
0.01314415551037209,0.9474737368684342
0.013051334246881314,0.9484742371185592
0.012958512983390527,0.9494747373686843
0.01286569171989974,0.9504752376188094
0.012772870456408965,0.9514757378689344
0.012680049192918178,0.9524762381190595
0.012587227929427392,0.9534767383691846
0.012494406665936616,0.9544772386193096
0.01240158540244583,0.9554777388694347
0.012308764138955043,0.9564782391195598
0.012215942875464268,0.9574787393696848
0.012123121611973481,0.9584792396198099
0.012030300348482705,0.9594797398699348
0.011937479084991919,0.96048024012006
0.011844657821501132,0.961480740370185
0.011751836558010357,0.96248124062031
0.01165901529451957,0.9634817408704351
0.011566194031028784,0.9644822411205602
0.011473372767538008,0.9654827413706852
0.011380551504047222,0.9664832416208103
0.011287730240556435,0.9674837418709354
0.01119490897706566,0.9684842421210604
0.011102087713574873,0.9694847423711855
0.011009266450084087,0.9704852426213106
0.010916883243927155,0.9714857428714356
0.01083172798377867,0.9724862431215607
0.010746572723630195,0.9734867433716857
0.01066141746348171,0.9744872436218108
0.010576262203333226,0.9754877438719359
0.01049110694318475,0.9764882441220609
0.010405951683036267,0.977488744372186
0.010320796422887782,0.9784892446223111
0.010235641162739308,0.9794897448724361
0.010150485902590822,0.9804902451225612
0.010065330642442338,0.9814907453726863
0.009980175382293864,0.9824912456228113
0.00989502012214538,0.9834917458729364
0.009809864861996904,0.9844922461230614
0.00972470960184842,0.9854927463731865
0.009639554341699936,0.9864932466233116
0.00955439908155146,0.9874937468734366
0.009469243821402976,0.9884942471235617
0.009384088561254491,0.9894947473736868
0.009298933301106016,0.9904952476238118
0.009213778040957531,0.9914957478739369
0.009128622780809047,0.992496248124062
0.009043467520660571,0.993496748374187
0.008958312260512087,0.9944972486243121
0.008873157000363613,0.9954977488744371
0.008788001740215129,0.9964982491245622
0.008702846480066643,0.9974987493746873
0.008617691219918169,0.9984992496248123
0.008532535959769685,0.9994997498749374
0.008447380699621209,1.0005002501250624
0.008362225439472716,1.0015007503751876
0.00827707017932424,1.0025012506253126
0.008191914919175765,1.0035017508754376
0.008106759659027272,1.0045022511255628
0.008021604398878796,1.0055027513756878
0.00793644913873032,1.0065032516258128
0.007851293878581828,1.007503751875938
0.007768451698179785,1.008504252126063
0.0076900833187244395,1.009504752376188
0.007611714939269076,1.0105052526263132
0.00753334655981373,1.0115057528764382
0.007454978180358385,1.0125062531265632
0.0073766098009030385,1.0135067533766882
0.007298241421447675,1.0145072536268134
0.00721987304199233,1.0155077538769384
0.0071415046625369835,1.0165082541270634
0.00706313628308162,1.0175087543771886
0.006984767903626274,1.0185092546273136
0.006906399524170929,1.0195097548774386
0.006828031144715565,1.0205102551275638
0.006749662765260219,1.0215107553776888
0.006671294385804874,1.0225112556278138
0.00659292600634951,1.023511755877939
0.006514557626894164,1.024512256128064
0.006436189247438818,1.025512756378189
0.006357820867983455,1.0265132566283142
0.006279452488528109,1.0275137568784392
0.006201084109072763,1.0285142571285641
0.0061227157296174,1.0295147573786894
0.006044347350162054,1.0305152576288144
0.005965978970706708,1.0315157578789393
0.0058876105912513445,1.0325162581290646
0.005809242211795999,1.0335167583791895
0.005730873832340653,1.0345172586293145
0.00565250545288529,1.0355177588794398
0.005574137073429944,1.0365182591295647
0.005495768693974598,1.0375187593796897
0.005417400314519252,1.0385192596298147
0.0053390319350638885,1.03951975987994
0.005260663555608543,1.040520260130065
0.005182295176153197,1.04152076038019
0.005103926796697834,1.0425212606303151
0.005025558417242488,1.0435217608804401
0.004947190037787142,1.0445222611305651
0.004872590376950717,1.0455227613806903
0.004800256873715239,1.0465232616308153
0.004727923370479761,1.0475237618809403
0.004655589867244268,1.0485242621310655
0.004583256364008789,1.0495247623811905
0.004510922860773312,1.0505252626313155
0.004438589357537818,1.0515257628814407
0.00436625585430234,1.0525262631315657
0.004293922351066862,1.0535267633816907
0.0042215888478313686,1.054527263631816
0.00414925534459589,1.055527763881941
0.004076921841360413,1.056528264132066
0.004004588338124919,1.0575287643821911
0.003932254834889441,1.0585292646323161
0.0038599213316539635,1.059529764882441
0.003787587828418485,1.060530265132566
0.0037152543251829915,1.0615307653826913
0.0036429208219475135,1.0625312656328163
0.003570587318712036,1.0635317658829413
0.003498253815476542,1.0645322661330665
0.0034259203122410644,1.0655327663831915
0.0033535868090055865,1.0665332666333165
0.0032812533057700924,1.0675337668834417
0.0032089198025346145,1.0685342671335667
0.003136586299299137,1.0695347673836917
0.003064252796063643,1.070535267633817
0.0029919192928281654,1.071535767883942
0.0029195857895926874,1.0725362681340669
0.0028472522863571934,1.073536768384192
0.002774918783121716,1.074537268634317
0.002702585279886238,1.075537768884442
0.0026302517766507443,1.0765382691345673
0.0025579182734152663,1.0775387693846923
0.0024855847701797883,1.0785392696348173
0.0024132512669442947,1.0795397698849425
0.0023409177637088168,1.0805402701350675
0.0022685842604733388,1.0815407703851925
0.0022059931959903098,1.0825412706353177
0.0021443873219429387,1.0835417708854427
0.0020827814478955676,1.0845422711355677
0.0020211755738481964,1.0855427713856927
0.0019595696998008115,1.0865432716358179
0.0018979638257534404,1.0875437718859429
0.0018363579517060693,1.0885442721360679
0.0017747520776586845,1.089544772386193
0.0017131462036113136,1.090545272636318
0.0016515403295639425,1.091545772886443
0.0015899344555165575,1.0925462731365683
0.0015283285814691864,1.0935467733866933
0.0014667227074218153,1.0945472736368183
0.0014051168333744308,1.0955477738869435
0.0013435109593270596,1.0965482741370685
0.0012819050852796883,1.0975487743871934
0.0012202992112323036,1.0985492746373187
0.0011586933371849327,1.0995497748874437
0.0010970874631375616,1.1005502751375686
0.0010354815890901768,1.1015507753876939
0.0009738757150428057,1.1025512756378189
0.0009122698409954346,1.1035517758879438
0.0008506639669480498,1.104552276138069
0.0007890580929006787,1.105552776388194
0.0007274522188533076,1.106553276638319
0.0006658463448059228,1.1075537768884443
0.0006042404707585517,1.1085542771385692
0.0005426345967111806,1.1095547773886942
0.00048102872266380953,1.1105552776388192
0.00041942284861642477,1.1115557778889444
0.00035781697456905366,1.1125562781390694
0.00029621110052168234,1.1135567783891944
0.0002346052264742978,1.1145572786393196
0.0001729993524269267,1.1155577788894446
0.00011139347837955558,1.1165582791395696
4.97876043321706e-05,1.1175587793896948
0.0,1.1185592796398198
0.0,1.1195597798899448
0.0,1.12056028014007
0.0,1.121560780390195
0.0,1.12256128064032
0.0,1.1235617808904452
0.0,1.1245622811405702
0.0,1.1255627813906952
0.0,1.1265632816408204
0.0,1.1275637818909454
0.0,1.1285642821410704
0.0,1.1295647823911956
0.0,1.1305652826413206
0.0,1.1315657828914456
0.0,1.1325662831415706
0.0,1.1335667833916958
0.0,1.1345672836418208
0.0,1.1355677838919458
0.0,1.136568284142071
0.0,1.137568784392196
0.0,1.138569284642321
0.0,1.1395697848924462
0.0,1.1405702851425712
0.0,1.1415707853926962
0.0,1.1425712856428214
0.0,1.1435717858929464
0.0,1.1445722861430714
0.0,1.1455727863931966
0.0,1.1465732866433216
0.0,1.1475737868934466
0.0,1.1485742871435718
0.0,1.1495747873936968
0.0,1.1505752876438218
0.0,1.151575787893947
0.0,1.152576288144072
0.0,1.153576788394197
0.0,1.1545772886443222
0.0,1.1555777888944472
0.0,1.1565782891445722
0.0,1.1575787893946972
0.0,1.1585792896448224
0.0,1.1595797898949474
0.0,1.1605802901450724
0.0,1.1615807903951976
0.0,1.1625812906453226
0.0,1.1635817908954476
0.0,1.1645822911455728
0.0,1.1655827913956978
0.0,1.1665832916458228
0.0,1.167583791895948
0.0,1.168584292146073
0.0,1.169584792396198
0.0,1.1705852926463232
0.0,1.1715857928964482
0.0,1.1725862931465731
0.0,1.1735867933966984
0.0,1.1745872936468233
0.0,1.1755877938969483
0.0,1.1765882941470736
0.0,1.1775887943971985
0.0,1.1785892946473235
0.0,1.1795897948974485
0.0,1.1805902951475737
0.0,1.1815907953976987
0.0,1.1825912956478237
0.0,1.183591795897949
0.0,1.184592296148074
0.0,1.185592796398199
0.0,1.1865932966483241
0.0,1.1875937968984491
0.0,1.1885942971485741
0.0,1.1895947973986993
0.0,1.1905952976488243
0.0,1.1915957978989493
0.0,1.1925962981490745
0.0,1.1935967983991995
0.0,1.1945972986493245
0.0,1.1955977988994497
0.0,1.1965982991495747
0.0,1.1975987993996997
0.0,1.198599299649825
0.0,1.19959979989995
0.0,1.200600300150075
0.0,1.2016008004002001
0.0,1.2026013006503251
0.0,1.20360180090045
0.0,1.204602301150575
0.0,1.2056028014007003
0.0,1.2066033016508253
0.0,1.2076038019009503
0.0,1.2086043021510755
0.0,1.2096048024012005
0.0,1.2106053026513255
0.0,1.2116058029014507
0.0,1.2126063031515757
0.0,1.2136068034017007
0.0,1.214607303651826
0.0,1.215607803901951
0.0,1.2166083041520759
0.0,1.217608804402201
0.0,1.218609304652326
0.0,1.219609804902451
0.0,1.2206103051525763
0.0,1.2216108054027013
0.0,1.2226113056528263
0.0,1.2236118059029515
0.0,1.2246123061530765
0.0,1.2256128064032015
0.0,1.2266133066533267
0.0,1.2276138069034517
0.0,1.2286143071535767
0.0,1.2296148074037017
0.0,1.2306153076538269
0.0,1.2316158079039519
0.0,1.2326163081540769
0.0,1.233616808404202
0.0,1.234617308654327
0.0,1.235617808904452
0.0,1.2366183091545773
0.0,1.2376188094047023
0.0,1.2386193096548272
0.0,1.2396198099049525
0.0,1.2406203101550775
0.0,1.2416208104052024
0.0,1.2426213106553277
0.0,1.2436218109054527
0.0,1.2446223111555776
0.0,1.2456228114057029
0.0,1.2466233116558278
0.0,1.2476238119059528
0.0,1.248624312156078
0.0,1.249624812406203
0.0,1.250625312656328
0.0,1.251625812906453
0.0,1.2526263131565782
0.0,1.2536268134067032
0.0,1.2546273136568282
0.0,1.2556278139069534
0.0,1.2566283141570784
0.0,1.2576288144072034
0.0,1.2586293146573286
0.0,1.2596298149074536
0.0,1.2606303151575786
0.0,1.2616308154077038
0.0,1.2626313156578288
0.0,1.2636318159079538
0.0,1.264632316158079
0.0,1.265632816408204
0.0,1.266633316658329
0.0,1.2676338169084542
0.0,1.2686343171585792
0.0,1.2696348174087042
0.0,1.2706353176588294
0.0,1.2716358179089544
0.0,1.2726363181590794
0.0,1.2736368184092046
0.0,1.2746373186593296
0.0,1.2756378189094546
0.0,1.2766383191595796
0.0,1.2776388194097048
0.0,1.2786393196598298
0.0,1.2796398199099548
0.0,1.28064032016008
0.0,1.281640820410205
0.0,1.28264132066033
0.0,1.2836418209104552
0.0,1.2846423211605802
0.0,1.2856428214107052
0.0,1.2866433216608304
0.0,1.2876438219109554
0.0,1.2886443221610804
0.0,1.2896448224112056
0.0,1.2906453226613306
0.0,1.2916458229114556
0.0,1.2926463231615808
0.0,1.2936468234117058
0.0,1.2946473236618308
0.0,1.295647823911956
0.0,1.296648324162081
0.0,1.297648824412206
0.0,1.298649324662331
0.0,1.2996498249124562
0.0,1.3006503251625812
0.0,1.3016508254127062
0.0,1.3026513256628314
0.0,1.3036518259129564
0.0,1.3046523261630814
0.0,1.3056528264132066
0.0,1.3066533266633316
0.0,1.3076538269134566
0.0,1.3086543271635818
0.0,1.3096548274137068
0.0,1.3106553276638317
0.0,1.311655827913957
0.0,1.312656328164082
0.0,1.313656828414207
0.0,1.3146573286643322
0.0,1.3156578289144572
0.0,1.3166583291645821
0.0,1.3176588294147074
0.0,1.3186593296648323
0.0,1.3196598299149573
0.0,1.3206603301650826
0.0,1.3216608304152075
0.0,1.3226613306653325
0.0,1.3236618309154575
0.0,1.3246623311655827
0.0,1.3256628314157077
0.0,1.3266633316658327
0.0,1.327663831915958
0.0,1.328664332166083
0.0,1.329664832416208
0.0,1.3306653326663331
0.0,1.3316658329164581
0.0,1.3326663331665831
0.0,1.3336668334167083
0.0,1.3346673336668333
0.0,1.3356678339169583
0.0,1.3366683341670835
0.0,1.3376688344172085
0.0,1.3386693346673335
0.0,1.3396698349174587
0.0,1.3406703351675837
0.0,1.3416708354177087
0.0,1.342671335667834
0.0,1.343671835917959
0.0,1.344672336168084
0.0,1.3456728364182091
0.0,1.346673336668334
0.0,1.347673836918459
0.0,1.348674337168584
0.0,1.3496748374187093
0.0,1.3506753376688343
0.0,1.3516758379189593
0.0,1.3526763381690845
0.0,1.3536768384192095
0.0,1.3546773386693345
0.0,1.3556778389194597
0.0,1.3566783391695847
0.0,1.3576788394197097
0.0,1.358679339669835
0.0,1.3596798399199599
0.0,1.3606803401700849
0.0,1.36168084042021
0.0,1.362681340670335
0.0,1.36368184092046
0.0,1.3646823411705853
0.0,1.3656828414207103
0.0,1.3666833416708353
0.0,1.3676838419209605
0.0,1.3686843421710855
0.0,1.3696848424212105
0.0,1.3706853426713355
0.0,1.3716858429214607
0.0,1.3726863431715857
0.0,1.3736868434217107
0.0,1.3746873436718359
0.0,1.3756878439219609
0.0,1.3766883441720859
0.0,1.377688844422211
0.0,1.378689344672336
0.0,1.379689844922461
0.0,1.3806903451725863
0.0,1.3816908454227113
0.0,1.3826913456728362
0.0,1.3836918459229615
0.0,1.3846923461730865
0.0,1.3856928464232114
0.0,1.3866933466733367
0.0,1.3876938469234616
0.0,1.3886943471735866
0.0,1.3896948474237119
0.0,1.3906953476738368
0.0,1.3916958479239618
0.0,1.392696348174087
0.0,1.393696848424212
0.0,1.394697348674337
0.0,1.395697848924462
0.0,1.3966983491745872
0.0,1.3976988494247122
0.0,1.3986993496748372
0.0,1.3996998499249624
0.0,1.4007003501750874
0.0,1.4017008504252124
0.0,1.4027013506753376
0.0,1.4037018509254626
0.0,1.4047023511755876
0.0,1.4057028514257128
0.0,1.4067033516758378
0.0,1.4077038519259628
0.0,1.408704352176088
0.0,1.409704852426213
0.0,1.410705352676338
0.0,1.4117058529264632
0.0,1.4127063531765882
0.0,1.4137068534267132
0.0,1.4147073536768384
0.0,1.4157078539269634
0.0,1.4167083541770884
0.0,1.4177088544272134
0.0,1.4187093546773386
0.0,1.4197098549274636
0.0,1.4207103551775886
0.0,1.4217108554277138
0.0,1.4227113556778388
0.0,1.4237118559279638
0.0,1.424712356178089
0.0,1.425712856428214
0.0,1.426713356678339
0.0,1.4277138569284642
0.0,1.4287143571785892
0.0,1.4297148574287142
0.0,1.4307153576788394
0.0,1.4317158579289644
0.0,1.4327163581790894
0.0,1.4337168584292146
0.0,1.4347173586793396
0.0,1.4357178589294646
0.0,1.4367183591795898
0.0,1.4377188594297148
0.0,1.4387193596798398
0.0,1.439719859929965
0.0,1.44072036018009
0.0,1.441720860430215
0.0,1.44272136068034
0.0,1.4437218609304652
0.0,1.4447223611805902
0.0,1.4457228614307152
0.0,1.4467233616808404
0.0,1.4477238619309654
0.0,1.4487243621810904
0.0,1.4497248624312156
0.0,1.4507253626813406
0.0,1.4517258629314655
0.0,1.4527263631815908
0.0,1.4537268634317158
0.0,1.4547273636818407
0.0,1.455727863931966
0.0,1.456728364182091
0.0,1.457728864432216
0.0,1.4587293646823412
0.0,1.4597298649324661
0.0,1.4607303651825911
0.0,1.4617308654327164
0.0,1.4627313656828413
0.0,1.4637318659329663
0.0,1.4647323661830915
0.0,1.4657328664332165
0.0,1.4667333666833415
0.0,1.4677338669334665
0.0,1.4687343671835917
0.0,1.4697348674337167
0.0,1.4707353676838417
0.0,1.471735867933967
0.0,1.472736368184092
0.0,1.473736868434217
0.0,1.4747373686843421
0.0,1.4757378689344671
0.0,1.4767383691845921
0.0,1.4777388694347173
0.0,1.4787393696848423
0.0,1.4797398699349673
0.0,1.4807403701850925
0.0,1.4817408704352175
0.0,1.4827413706853425
0.0,1.4837418709354677
0.0,1.4847423711855927
0.0,1.4857428714357177
0.0,1.486743371685843
0.0,1.487743871935968
0.0,1.488744372186093
0.0,1.489744872436218
0.0,1.490745372686343
0.0,1.491745872936468
0.0,1.492746373186593
0.0,1.4937468734367183
0.0,1.4947473736868433
0.0,1.4957478739369683
0.0,1.4967483741870935
0.0,1.4977488744372185
0.0,1.4987493746873435
0.0,1.4997498749374687
0.0,1.5007503751875937
0.0,1.5017508754377187
0.0,1.502751375687844
0.0,1.5037518759379689
0.0,1.5047523761880939
0.0,1.505752876438219
0.0,1.506753376688344
0.0,1.507753876938469
0.0,1.5087543771885943
0.0,1.5097548774387193
0.0,1.5107553776888443
0.0,1.5117558779389695
0.0,1.5127563781890945
0.0,1.5137568784392195
0.0,1.5147573786893445
0.0,1.5157578789394697
0.0,1.5167583791895947
0.0,1.5177588794397197
0.0,1.5187593796898449
0.0,1.5197598799399699
0.0,1.5207603801900949
0.0,1.52176088044022
0.0,1.522761380690345
0.0,1.52376188094047
0.0,1.5247623811905953
0.0,1.5257628814407203
0.0,1.5267633816908452
0.0,1.5277638819409705
0.0,1.5287643821910955
0.0,1.5297648824412204
0.0,1.5307653826913457
0.0,1.5317658829414706
0.0,1.5327663831915956
0.0,1.5337668834417209
0.0,1.5347673836918458
0.0,1.5357678839419708
0.0,1.5367683841920958
0.0,1.537768884442221
0.0,1.538769384692346
0.0,1.539769884942471
0.0,1.5407703851925962
0.0,1.5417708854427212
0.0,1.5427713856928462
0.0,1.5437718859429714
0.0,1.5447723861930964
0.0,1.5457728864432214
0.0,1.5467733866933466
0.0,1.5477738869434716
0.0,1.5487743871935966
0.0,1.5497748874437218
0.0,1.5507753876938468
0.0,1.5517758879439718
0.0,1.552776388194097
0.0,1.553776888444222
0.0,1.554777388694347
0.0,1.5557778889444722
0.0,1.5567783891945972
0.0,1.5577788894447222
0.0,1.5587793896948474
0.0,1.5597798899449724
0.0,1.5607803901950974
0.0,1.5617808904452224
0.0,1.5627813906953476
0.0,1.5637818909454726
0.0,1.5647823911955976
0.0,1.5657828914457228
0.0,1.5667833916958478
0.0,1.5677838919459728
0.0,1.568784392196098
0.0,1.569784892446223
0.0,1.570785392696348
0.0,1.5717858929464732
0.0,1.5727863931965982
0.0,1.5737868934467232
0.0,1.5747873936968484
0.0,1.5757878939469734
0.0,1.5767883941970984
0.0,1.5777888944472236
0.0,1.5787893946973486
0.0,1.5797898949474736
0.0,1.5807903951975988
0.0,1.5817908954477238
0.0,1.5827913956978488
0.0,1.583791895947974
0.0,1.584792396198099
0.0,1.585792896448224
0.0,1.586793396698349
0.0,1.5877938969484742
0.0,1.5887943971985992
0.0,1.5897948974487242
0.0,1.5907953976988494
0.0,1.5917958979489744
0.0,1.5927963981990994
0.0,1.5937968984492246
0.0,1.5947973986993496
0.0,1.5957978989494745
0.0,1.5967983991995998
0.0,1.5977988994497248
0.0,1.5987993996998497
0.0,1.599799899949975
0.0,1.6008004002001
0.0,1.601800900450225
0.0,1.6028014007003502
0.0,1.6038019009504751
0.0,1.6048024012006001
0.0,1.6058029014507254
0.0,1.6068034017008503
0.0,1.6078039019509753
0.0,1.6088044022011003
0.0,1.6098049024512255
0.0,1.6108054027013505
0.0,1.6118059029514755
0.0,1.6128064032016007
0.0,1.6138069034517257
0.0,1.6148074037018507
0.0,1.615807903951976
0.0,1.616808404202101
0.0,1.617808904452226
0.0,1.6188094047023511
0.0,1.6198099049524761
0.0,1.6208104052026011
0.0,1.6218109054527263
0.0,1.6228114057028513
0.0,1.6238119059529763
0.0,1.6248124062031015
0.0,1.6258129064532265
0.0,1.6268134067033515
0.0,1.6278139069534767
0.0,1.6288144072036017
0.0,1.6298149074537267
0.0,1.630815407703852
0.0,1.631815907953977
0.0,1.632816408204102
0.0,1.633816908454227
0.0,1.634817408704352
0.0,1.635817908954477
0.0,1.636818409204602
0.0,1.6378189094547273
0.0,1.6388194097048523
0.0,1.6398199099549773
0.0,1.6408204102051025
0.0,1.6418209104552275
0.0,1.6428214107053525
0.0,1.6438219109554777
0.0,1.6448224112056027
0.0,1.6458229114557277
0.0,1.646823411705853
0.0,1.6478239119559779
0.0,1.6488244122061029
0.0,1.649824912456228
0.0,1.650825412706353
0.0,1.651825912956478
0.0,1.6528264132066033
0.0,1.6538269134567283
0.0,1.6548274137068533
0.0,1.6558279139569785
0.0,1.6568284142071035
0.0,1.6578289144572285
0.0,1.6588294147073535
0.0,1.6598299149574787
0.0,1.6608304152076037
0.0,1.6618309154577287
0.0,1.6628314157078539
0.0,1.6638319159579789
0.0,1.6648324162081038
0.0,1.665832916458229
0.0,1.666833416708354
0.0,1.667833916958479
0.0,1.6688344172086043
0.0,1.6698349174587293
0.0,1.6708354177088542
0.0,1.6718359179589795
0.0,1.6728364182091044
0.0,1.6738369184592294
0.0,1.6748374187093547
0.0,1.6758379189594796
0.0,1.6768384192096046
0.0,1.6778389194597298
0.0,1.6788394197098548
0.0,1.6798399199599798
0.0,1.6808404202101048
0.0,1.68184092046023
0.0,1.682841420710355
0.0,1.68384192096048
0.0,1.6848424212106052
0.0,1.6858429214607302
0.0,1.6868434217108552
0.0,1.6878439219609804
0.0,1.6888444222111054
0.0,1.6898449224612304
0.0,1.6908454227113556
0.0,1.6918459229614806
0.0,1.6928464232116056
0.0,1.6938469234617308
0.0,1.6948474237118558
0.0,1.6958479239619808
0.0,1.696848424212106
0.0,1.697848924462231
0.0,1.698849424712356
0.0,1.6998499249624812
0.0,1.7008504252126062
0.0,1.7018509254627312
0.0,1.7028514257128564
0.0,1.7038519259629814
0.0,1.7048524262131064
0.0,1.7058529264632314
0.0,1.7068534267133566
0.0,1.7078539269634816
0.0,1.7088544272136066
0.0,1.7098549274637318
0.0,1.7108554277138568
0.0,1.7118559279639818
0.0,1.712856428214107
0.0,1.713856928464232
0.0,1.714857428714357
0.0,1.7158579289644822
0.0,1.7168584292146072
0.0,1.7178589294647322
0.0,1.7188594297148574
0.0,1.7198599299649824
0.0,1.7208604302151074
0.0,1.7218609304652326
0.0,1.7228614307153576
0.0,1.7238619309654826
0.0,1.7248624312156078
0.0,1.7258629314657328
0.0,1.7268634317158578
0.0,1.7278639319659828
0.0,1.728864432216108
0.0,1.729864932466233
0.0,1.730865432716358
0.0,1.7318659329664832
0.0,1.7328664332166082
0.0,1.7338669334667332
0.0,1.7348674337168584
0.0,1.7358679339669834
0.0,1.7368684342171083
0.0,1.7378689344672336
0.0,1.7388694347173586
0.0,1.7398699349674835
0.0,1.7408704352176088
0.0,1.7418709354677337
0.0,1.7428714357178587
0.0,1.743871935967984
0.0,1.744872436218109
0.0,1.745872936468234
0.0,1.7468734367183592
0.0,1.7478739369684841
0.0,1.7488744372186091
0.0,1.7498749374687343
0.0,1.7508754377188593
0.0,1.7518759379689843
0.0,1.7528764382191093
0.0,1.7538769384692345
0.0,1.7548774387193595
0.0,1.7558779389694845
0.0,1.7568784392196097
0.0,1.7578789394697347
0.0,1.7588794397198597
0.0,1.759879939969985
0.0,1.76088044022011
0.0,1.761880940470235
0.0,1.7628814407203601
0.0,1.7638819409704851
0.0,1.76488244122061
0.0,1.7658829414707353
0.0,1.7668834417208603
0.0,1.7678839419709853
0.0,1.7688844422211105
0.0,1.7698849424712355
0.0,1.7708854427213605
0.0,1.7718859429714857
0.0,1.7728864432216107
0.0,1.7738869434717357
0.0,1.774887443721861
0.0,1.775887943971986
0.0,1.776888444222111
0.0,1.7778889444722359
0.0,1.778889444722361
0.0,1.779889944972486
0.0,1.780890445222611
0.0,1.7818909454727363
0.0,1.7828914457228613
0.0,1.7838919459729863
0.0,1.7848924462231115
0.0,1.7858929464732365
0.0,1.7868934467233615
0.0,1.7878939469734867
0.0,1.7888944472236117
0.0,1.7898949474737367
0.0,1.7908954477238619
0.0,1.7918959479739869
0.0,1.7928964482241119
0.0,1.793896948474237
0.0,1.794897448724362
0.0,1.795897948974487
0.0,1.7968984492246123
0.0,1.7978989494747373
0.0,1.7988994497248623
0.0,1.7998999499749873
0.0,1.8009004502251125
0.0,1.8019009504752375
0.0,1.8029014507253625
0.0,1.8039019509754877
0.0,1.8049024512256127
0.0,1.8059029514757377
0.0,1.8069034517258629
0.0,1.8079039519759879
0.0,1.8089044522261128
0.0,1.809904952476238
0.0,1.810905452726363
0.0,1.811905952976488
0.0,1.8129064532266133
0.0,1.8139069534767382
0.0,1.8149074537268632
0.0,1.8159079539769885
0.0,1.8169084542271134
0.0,1.8179089544772384
0.0,1.8189094547273637
0.0,1.8199099549774886
0.0,1.8209104552276136
0.0,1.8219109554777388
0.0,1.8229114557278638
0.0,1.8239119559779888
0.0,1.8249124562281138
0.0,1.825912956478239
0.0,1.826913456728364
0.0,1.827913956978489
0.0,1.8289144572286142
0.0,1.8299149574787392
0.0,1.8309154577288642
0.0,1.8319159579789894
0.0,1.8329164582291144
0.0,1.8339169584792394
0.0,1.8349174587293646
0.0,1.8359179589794896
0.0,1.8369184592296146
0.0,1.8379189594797398
0.0,1.8389194597298648
0.0,1.8399199599799898
0.0,1.840920460230115
0.0,1.84192096048024
0.0,1.842921460730365
0.0,1.8439219609804902
0.0,1.8449224612306152
0.0,1.8459229614807402
0.0,1.8469234617308652
0.0,1.8479239619809904
0.0,1.8489244622311154
0.0,1.8499249624812404
0.0,1.8509254627313656
0.0,1.8519259629814906
0.0,1.8529264632316156
0.0,1.8539269634817408
0.0,1.8549274637318658
0.0,1.8559279639819908
0.0,1.856928464232116
0.0,1.857928964482241
0.0,1.858929464732366
0.0,1.8599299649824912
0.0,1.8609304652326162
0.0,1.8619309654827412
0.0,1.8629314657328664
0.0,1.8639319659829914
0.0,1.8649324662331164
0.0,1.8659329664832416
0.0,1.8669334667333666
0.0,1.8679339669834916
0.0,1.8689344672336168
0.0,1.8699349674837418
0.0,1.8709354677338668
0.0,1.8719359679839918
0.0,1.872936468234117
0.0,1.873936968484242
0.0,1.874937468734367
0.0,1.8759379689844922
0.0,1.8769384692346172
0.0,1.8779389694847421
0.0,1.8789394697348674
0.0,1.8799399699849924
0.0,1.8809404702351173
0.0,1.8819409704852426
0.0,1.8829414707353676
0.0,1.8839419709854925
0.0,1.8849424712356178
0.0,1.8859429714857427
0.0,1.8869434717358677
0.0,1.887943971985993
0.0,1.888944472236118
0.0,1.889944972486243
0.0,1.8909454727363681
0.0,1.8919459729864931
0.0,1.8929464732366181
0.0,1.8939469734867433
0.0,1.8949474737368683
0.0,1.8959479739869933
0.0,1.8969484742371183
0.0,1.8979489744872435
0.0,1.8989494747373685
0.0,1.8999499749874935
0.0,1.9009504752376187
0.0,1.9019509754877437
0.0,1.9029514757378687
0.0,1.903951975987994
0.0,1.904952476238119
0.0,1.905952976488244
0.0,1.9069534767383691
0.0,1.9079539769884941
0.0,1.908954477238619
0.0,1.9099549774887443
0.0,1.9109554777388693
0.0,1.9119559779889943
0.0,1.9129564782391195
0.0,1.9139569784892445
0.0,1.9149574787393695
0.0,1.9159579789894947
0.0,1.9169584792396197
0.0,1.9179589794897447
0.0,1.9189594797398697
0.0,1.919959979989995
0.0,1.92096048024012
0.0,1.9219609804902449
0.0,1.92296148074037
0.0,1.923961980990495
0.0,1.92496248124062
0.0,1.9259629814907453
0.0,1.9269634817408703
0.0,1.9279639819909953
0.0,1.9289644822411205
0.0,1.9299649824912455
0.0,1.9309654827413705
0.0,1.9319659829914957
0.0,1.9329664832416207
0.0,1.9339669834917457
0.0,1.9349674837418709
0.0,1.9359679839919959
0.0,1.9369684842421209
0.0,1.937968984492246
0.0,1.938969484742371
0.0,1.939969984992496
0.0,1.9409704852426213
0.0,1.9419709854927463
0.0,1.9429714857428713
0.0,1.9439719859929963
0.0,1.9449724862431215
0.0,1.9459729864932465
0.0,1.9469734867433715
0.0,1.9479739869934967
0.0,1.9489744872436217
0.0,1.9499749874937466
0.0,1.9509754877438719
0.0,1.9519759879939969
0.0,1.9529764882441218
0.0,1.953976988494247
0.0,1.954977488744372
0.0,1.955977988994497
0.0,1.9569784892446223
0.0,1.9579789894947472
0.0,1.9589794897448722
0.0,1.9599799899949975
0.0,1.9609804902451224
0.0,1.9619809904952474
0.0,1.9629814907453726
0.0,1.9639819909954976
0.0,1.9649824912456226
0.0,1.9659829914957476
0.0,1.9669834917458728
0.0,1.9679839919959978
0.0,1.9689844922461228
0.0,1.969984992496248
0.0,1.970985492746373
0.0,1.971985992996498
0.0,1.9729864932466232
0.0,1.9739869934967482
0.0,1.9749874937468732
0.0,1.9759879939969984
0.0,1.9769884942471234
0.0,1.9779889944972484
0.0,1.9789894947473736
0.0,1.9799899949974986
0.0,1.9809904952476236
0.0,1.9819909954977488
0.0,1.9829914957478738
0.0,1.9839919959979988
0.0,1.984992496248124
0.0,1.985992996498249
0.0,1.986993496748374
0.0,1.9879939969984992
0.0,1.9889944972486242
0.0,1.9899949974987492
0.0,1.9909954977488742
0.0,1.9919959979989994
0.0,1.9929964982491244
0.0,1.9939969984992494
0.0,1.9949974987493746
0.0,1.9959979989994996
0.0,1.9969984992496246
0.0,1.9979989994997498
0.0,1.9989994997498748
0.0,2.0
